collector.id,c.score,l.score,rain,tree.age,surface.litter,wind.intensity,humidity,tree.density,month,time.of.day,fire
5,13.11,3.421590756,0.477186879,34.66,6.718046504,3.335635343,52,0.6986,8,afternoon,1
7,11.99,2.874611227,0.212425447,19.39,6.242028694,3.127024095,59,0.6202,4,morning,0
6,12.91,2.827773869,0.118141153,15.75,6.397929156,3.052446003,60,0.58235,10,night,0
5,12.06,2.772961059,0.097564612,13.25,6.278146119,3.114239148,60,0.57025,9,afternoon,1
2,15.06,3.271684047,0.438121272,47.14,6.932447892,3.214830815,51,0.7115,7,morning,1
8,11.42,3.571658828,0.522862823,27.23,6.34159311,3.432989133,27,0.7575,2,morning,0
9,15.71,2.926938643,0.294880716,27.94,6.827412526,3.095944654,59,0.6374,1,night,0
10,18.08,3.054491115,0.287176938,76.36,7.113142109,2.980909293,59,0.59181,9,morning,1
10,8.571,2.789833152,0.075049702,7.254,5.618950539,3.248950894,58,0.58512,1,morning,0
2,1990.2,2.957322063,0.13916501,14.66,6.449047609,3.02810588,57,0.58978,1,night,0
6,12.96,2.833192607,0.093588469,20.21,6.432779308,2.997504309,58,0.56608,12,morning,0
6,11.6,2.81297671,0.08832008,12.89,6.204759762,3.138112552,59,0.58288,3,night,0
1,13.24,3.023081398,0.140805169,23.81,6.597827598,3.088265501,45,0.6357,11,morning,0
8,11.47,2.790463003,0.115407555,12.25,6.164997598,3.207338666,61,0.56548,3,night,0
8,8.878,2.852917451,0.11833996,30.18,5.710427017,3.024754461,60,0.54762,1,night,0
4,12.34,2.872457699,0.140258449,21.55,6.315358002,3.178059535,57,0.58194,2,morning,0
3,12.8,2.934975572,0.202932406,30.57,6.381816017,3.00426457,59,0.58296,11,afternoon,0
4,16.25,3.492335434,0.45695825,33.12,6.845560675,3.150720665,50,0.6775,8,afternoon,1
9,23.29,4.146792568,0.805168986,83.16,7.593877845,3.209208661,52,0.7733,7,afternoon,1
11,20.31,3.202858929,0.463866799,52.34,7.519692404,3.203977773,56,0.6697,8,morning,1
8,18.65,3.381201892,0.501491054,71.56,7.356918242,3.263559017,48,0.7378,8,morning,1
2,14.78,3.111411382,0.448757455,35.24,6.82990184,3.251632779,54,0.6614,7,night,1
11,13.98,3.062354822,0.321222664,18.85,6.76768829,3.238264141,54,0.6827,6,morning,1
4,12.03,2.722490798,0.027793241,16.97,6.26034599,3.024085025,61,0.52796,3,night,0
2,15.75,3.069568279,0.321172962,32.19,6.992096427,3.215206276,50,0.6479,3,morning,1
2,13.44,2.805519306,0.100944334,20.53,6.669371178,3.05142442,58,0.6112,8,night,1
6,20.09,3.512971314,0.636182903,130.8,7.436027816,3.139907921,54,0.6923,9,morning,1
1,15.53,3.29157228,0.417445328,23.02,6.942156706,3.344093381,46,0.7014,6,night,1
6,10.48,2.901998576,0.110238569,20.77,6.087683405,3.132737975,56,0.5931,11,night,0
3,13.86,3.016440037,0.278429423,22.69,6.620206531,3.18100183,51,0.6654,9,night,1
1,13.28,2.863603758,0.142345924,15.26,6.435669484,3.076122489,NA,0.59173,11,morning,0
4,9.667,2.800838501,0.075248509,22.73,5.95376268,3.099797743,NA,0.5656,9,night,0
9,13.47,2.88512044,0.261729622,12.84,6.492542819,3.156516004,NA,0.6335,2,afternoon,0
10,14.81,2.814402979,0.126292247,20.72,6.633581557,3.066816507,61,0.57955,1,afternoon,0
7,13.38,2.797122187,0.16222664,28.93,6.559048505,3.078197739,60,0.57763,12,morning,0
4,11.84,2.792813102,0.069234592,17.12,6.303168275,3.116008958,59,0.56913,11,night,0
6,13.87,2.75973143,0.103777336,20.74,6.543048163,3.071635175,61,0.55556,10,afternoon,0
10,18.22,3.063726339,0.395129225,48.9,7.303170051,3.171457895,56,0.6776,9,night,1
6,13.4,2.778884468,0.073210736,13.22,6.497528854,3.092449671,59,0.56987,1,morning,0
9,14.05,2.845191695,0.213916501,29.84,6.560606248,3.102254416,58,0.6048,1,morning,0
3,12.58,2.723347251,0.014532803,22.45,6.335231541,3.032473299,61,0.508772,1,afternoon,0
4,17.6,3.44914821,0.498011928,104.9,7.270312886,3.09035625,49,0.6996,7,morning,1
9,11.51,3.057563657,0.204025845,16.97,6.161629174,3.122395952,57,0.59653,1,night,0
9,15.61,2.837684332,0.141500994,22.18,6.896289801,3.048023823,59,0.58568,9,afternoon,1
2,14.97,2.772254191,0.096371769,16.64,6.66198261,3.034829952,61,0.55754,2,morning,0
2,12.04,2.784177111,0.118141153,44.96,6.341416945,3.033482867,61,0.55547,9,night,0
5,9.606,2.967940264,0.113916501,12.07,5.868166331,3.099447089,54,0.5812,1,morning,0
7,12.1,2.854772946,0.165308151,22.22,6.327043528,3.170725959,59,0.56266,10,morning,0
9,11.69,2.84676931,0.225198807,20.95,6.189700463,3.298251207,55,0.6308,10,morning,0
10,13.17,2.857050642,0.142644135,16.89,6.533207274,3.116717411,59,0.6045,8,night,1
2,16.74,3.140267225,0.299105368,45.19,7.11395611,3.219341719,53,0.6813,5,morning,1
6,19.89,3.163059629,0.468737575,59.7,7.406103381,3.165246474,54,0.6613,7,afternoon,1
5,12.07,2.825072118,0.139065606,18.54,6.309736444,3.203604744,59,0.57393,11,night,0
2,11.06,2.794047033,0.036013917,12.98,6.207986222,3.060299725,59,0.55556,2,night,0
4,20.64,3.205844127,0.444383698,77.02,7.573531263,3.218965362,55,0.7112,8,night,1
11,13.78,2.747264934,0.049388668,29.34,6.560464735,3.043952586,61,0.53312,9,night,0
4,13.28,3.014642651,0.306063618,31.33,6.810362933,3.20696491,53,0.6492,7,morning,1
9,12.7,2.783977564,0.119383698,17.37,6.340182921,3.128093957,59,0.58224,11,night,0
5,10.51,2.78783095,0.093190855,20.56,5.893576046,3.06819181,61,0.53125,4,afternoon,0
6,12.75,2.827979645,0.148856859,28.62,6.436310612,3.18653234,59,0.58045,1,afternoon,0
5,11.61,2.925744619,0.223508946,15.89,6.164787403,3.164517212,58,0.6105,11,night,0
11,12.54,2.889467703,0.162972167,18.49,6.313548046,3.225752301,59,0.58411,6,morning,0
2,11.43,2.816938841,0.142892644,12.67,6.135564891,3.084439386,59,0.58476,3,night,0
3,23.51,3.524037301,0.700795229,164.1,7.974532844,3.201368267,57,0.7089,8,morning,1
8,12.34,2.801126994,0.131560636,8.955,6.336648724,3.120264223,58,0.607,7,night,1
3,10.29,2.89164611,0.136083499,14.46,5.879415043,3.153253675,59,0.59127,12,night,0
7,16.3,2.877193532,0.226789264,20.67,6.833247227,3.142424673,60,0.6357,11,afternoon,0
1,16.11,3.001392028,0.295377734,74.08,7.117205503,3.128093957,58,0.6216,7,afternoon,1
4,16.69,2.821204531,0.114662028,22.95,6.988413182,3.022746997,56,0.58737,9,morning,1
5,9.397,2.823723141,0.025487078,6.802,5.707110265,3.048703367,59,0.52564,2,afternoon,0
7,15.32,3.587177977,0.617296223,59.46,6.83389343,3.297070763,50,0.7229,11,night,0
9,12.39,2.888364376,0.143141153,19.2,6.397762642,3.168897497,54,0.59804,12,afternoon,0
11,11.62,3.026429288,0.276540755,27.85,6.26928566,3.30298076,56,0.6416,11,night,0
6,17.68,3.33282469,0.523856859,93.91,7.171656823,3.165611223,54,0.6515,6,night,1
7,9.683,2.783322111,0.04778827,18.24,5.897703167,3.087569178,61,0.53846,1,morning,0
10,12.47,2.820034587,0.117743539,11.91,6.409022903,3.114592959,57,0.6053,1,night,0
4,11.08,2.784063081,0.128379722,19.08,5.982676041,3.093497385,61,0.54306,6,afternoon,0
6,11.84,3.094196232,0.257554672,41,6.789759721,3.247420224,44,0.6546,7,night,1
4,11.54,2.914479343,0.128926441,20.86,6.126432408,3.139189542,58,0.56918,4,afternoon,0
4,25.73,4.057061503,0.950795229,153.1,8.08147504,3.20696491,44,0.7756,9,morning,1
3,13.88,2.775027158,0.042281312,23.12,6.613786822,2.969943372,60,0.54537,3,night,0
8,12.77,2.773668284,0.074502982,18.76,6.388057077,3.099797743,61,0.56498,6,afternoon,0
9,9.731,4.517793548,0.390506958,49.85,5.941486177,3.120264223,56,0.6571,2,night,0
8,19.19,3.085481984,0.480467197,119.3,7.309881486,3.0616695,58,0.6777,9,afternoon,1
11,15.46,3.405247102,0.545228628,44.64,7.00488199,3.207338666,54,0.6827,9,night,1
7,14.26,3.858443354,0.387574553,29.25,6.563855527,2.985049701,51,0.6505,12,morning,0
2,17.54,3.031800609,0.372166998,40.73,7.122059882,3.152167633,54,0.6939,6,night,1
2,11.31,2.822961235,0.11083499,18.15,6.145686653,3.119554254,61,0.56961,1,night,0
3,15.1,3.066472864,0.42415507,39.84,6.636733647,3.153978092,56,0.6423,11,night,0
4,15.37,3.060984467,0.371918489,29.44,6.722509451,3.107883459,58,0.6476,7,night,1
6,10.94,2.859602272,0.145725646,25.78,6.157826084,3.145666054,59,0.57887,6,morning,1
9,11.5,2.791924191,0.102833002,26.99,6.232251534,3.082009241,61,0.56544,3,morning,0
9,12.87,2.768020467,0.10387674,26.5,6.440787038,3.092798835,59,0.56384,6,night,0
2,10.75,2.780873986,0.039140159,17.74,6.089498287,3.045308517,60,0.53413,12,night,0
10,10.03,2.725012603,0.025641153,11.6,5.930386698,3.062354822,61,0.52579,10,afternoon,0
1,13.77,2.747487064,0.09527833,17.74,6.493905114,3.077505695,61,0.55802,7,afternoon,1
3,21.1,3.22273261,0.574055666,81.89,7.6118424,3.147469529,55,0.728,9,night,1
9,16.14,2.876403171,0.225049702,21.83,6.854249011,3.090007607,59,0.6129,9,morning,0
6,14.9,3.722124004,0.482654076,24.19,6.724673433,3.16597605,37,0.7475,7,night,1
3,18.66,3.179897874,0.430666004,90.47,7.34536484,3.196904012,58,0.6674,8,afternoon,1
1,23.21,3.371342343,0.614811133,155.8,7.98752448,3.188749563,52,0.7593,6,night,1
4,17.93,2.88246325,0.235785288,45.81,7.185387016,3.12845073,59,0.6136,9,morning,1
3,13.85,2.757436101,0.056709742,17.91,6.587412264,3.073014568,60,0.55104,4,night,0
4,14.53,2.919413204,0.322813121,25.7,6.619939864,3.139907921,60,0.6069,2,night,0
6,14.48,3.089310542,0.245427435,38.87,6.6956753,3.125242516,59,0.6225,7,night,1
4,12.87,2.828567737,0.08026839,18.24,6.392754284,3.107531081,59,0.5578,6,afternoon,0
6,8.598,2.802339304,0.046018887,18.39,5.612763076,3.248185392,59,0.52778,1,afternoon,0
4,12.16,2.799915717,0.075894632,16.26,6.305179797,3.090704968,58,0.5569,12,morning,0
10,14.06,2.793157347,0.161580517,12.67,6.528688645,3.041920836,60,0.57911,10,night,0
5,12.27,2.808445391,0.131858847,25.79,6.413786772,3.101903238,59,0.59532,2,morning,0
9,13.56,2.949900754,0.221222664,21.03,6.531751881,3.150359117,57,0.5909,8,morning,0
10,14.42,2.999446965,0.290208748,26.85,6.717078918,3.170360109,55,0.6565,6,morning,1
2,10.88,2.864749047,0.078081511,9.597,6.070968648,3.134527582,52,0.57966,1,morning,0
2,20.44,3.013046688,0.386928429,72.44,7.484368643,3.132737975,57,0.6765,7,morning,1
10,19.69,3.381201892,0.635685885,94.03,7.443663683,3.17512231,51,0.743,7,morning,1
2,11.66,2.741048717,0.057753479,26.03,6.296188085,3.018339494,61,0.54262,2,afternoon,0
3,10.32,2.746071597,0.027311133,12.97,5.95298356,3.117780658,61,0.52381,6,afternoon,0
10,11.75,2.869792894,0.220675944,30.66,6.314091377,3.140626607,59,0.601,6,night,0
5,20.73,3.147108679,0.42972167,199.7,8.140898461,3.159421155,57,0.6659,7,night,1
1,19.73,3.573023342,0.484095427,92.81,7.566828479,3.275566231,43,0.7507,6,morning,1
3,18.22,3.299826341,0.526838966,98.81,7.186144305,3.116008958,58,0.6325,8,night,1
5,12.56,3.02978424,0.218240557,27.49,6.305179797,3.052105403,58,0.59265,2,afternoon,0
2,12.65,2.954919008,0.252186879,18.4,6.451575656,3.208086421,53,0.6407,1,night,0
5,14.22,3.054491115,0.219085487,29.96,6.638567789,3.047005045,57,0.58219,3,morning,0
7,13.66,2.838868684,0.122813121,11.35,6.487684018,3.114239148,55,0.6054,7,morning,1
6,24.25,4.629024533,1,233,7.636752112,3.270133547,51,0.7248,4,night,0
6,11.45,2.849034539,0.110984095,24.62,6.263588721,3.2170848,59,0.56127,10,morning,0
9,11.74,2.780703346,0.137326044,37.83,6.279833883,3.031800609,61,0.5829,5,morning,0
2,12.23,2.83703335,0.204125249,27.24,6.458965046,3.169628645,58,0.608,11,afternoon,0
6,13,2.751463674,0.087574553,21.19,6.443336028,3.094196232,61,0.55921,7,morning,0
10,14.76,2.849541717,0.175347913,29.06,6.780830585,3.094895377,58,0.6251,1,afternoon,0
2,11.95,2.75048932,0.088817097,26.65,6.206979071,,59,0.54766,1,night,0
11,11.25,2.720931199,0.014617296,15.07,6.19990047,3.076122489,61,0.51667,11,afternoon,0
4,17.47,3.458995659,0.518389662,122.3,7.414572881,3.150359117,53,0.6721,8,afternoon,1
6,15.5,3.203977773,0.421520875,176.5,7.466227556,3.202113437,52,0.7134,8,night,1
3,10.6,2.90360717,0.131312127,27.1,6.05161847,3.092449671,57,0.57926,10,night,0
3,15.08,3.100148472,0.325695825,63.37,6.956545443,3.256239825,57,0.6526,10,afternoon,1
5,17.27,3.089310542,0.285089463,58.38,7.157735484,3.172190146,52,0.6739,10,morning,1
9,13.08,2.848348637,0.154572565,14.67,6.446513155,3.127380639,56,0.57283,11,afternoon,0
11,16.16,3.034156267,0.278976143,43.68,7.069023427,3.157241823,55,0.6312,8,night,1
5,15.12,2.940040121,0.202733598,26.44,6.897199765,3.192451326,54,0.6252,7,morning,1
3,8.888,2.973892553,0.142743539,25.44,5.650381698,3.09035625,57,0.54786,10,night,0
8,15.49,3.347325814,0.452932406,66.91,7.214504414,3.264331225,52,0.7121,5,afternoon,1
1,27.42,4.213757877,0.839463221,542.2,8.355614996,3.143504438,51,0.7625,9,morning,1
10,12.45,3.212204869,0.240854871,30.19,6.364062052,3.079236356,52,0.6342,10,night,0
9,9.567,2.763940032,0.082852883,12.64,5.816813497,3.197275591,61,0.57222,4,morning,0
7,9.668,2.759087235,0.028672962,20.98,5.94069743,3.15470282,60,0.525,11,night,0
3,15.34,3.424117797,0.484890656,44.91,6.888470518,3.15542786,43,0.7393,7,afternoon,1
3,11.54,2.75595455,0.044269384,9.438,6.148040854,3.050743725,59,0.54715,5,afternoon,0
2,11.43,2.774630684,0.09249503,21.38,6.22059017,3.163788264,59,0.56402,11,afternoon,0
4,14.69,3.177324754,0.313121272,49.45,6.696046105,3.127380639,53,0.6108,2,afternoon,0
5,11.2,2.718281828,0,22.81,6.085865223,2.995465462,62,0.5,9,night,0
7,18.49,3.192451326,0.456411531,95.77,7.377758908,3.163423907,55,0.6663,9,night,1
4,8.671,2.718281828,0,11.36,5.557599964,3.074740458,61,0.5,10,afternoon,1
4,12.3,2.826921683,0.082206759,18.32,6.303900206,3.052105403,59,0.54815,1,afternoon,0
9,12.36,2.892137459,0.186133201,20.95,6.353848166,3.124530418,57,0.6205,9,afternoon,0
2,21.09,3.605127971,0.743538767,81.46,7.644440762,3.192451326,34,0.7903,6,morning,1
2,11.71,2.819537649,0.129224652,34.37,6.303900206,3.112824661,61,0.56968,9,night,0
6,14.41,3.145305592,0.328131213,77.11,6.642877859,3.019173308,57,0.6021,2,morning,0
3,13.45,2.830745766,0.138170974,25.22,6.550222825,3.137036254,59,0.57911,1,night,0
2,13.27,2.809896172,0.131610338,36.35,6.722148331,3.021744216,60,0.6001,5,morning,0
7,28.11,3.964047043,0.792743539,525.6,7.823645931,3.067847875,60,0.6595,11,night,1
5,17.01,2.92113448,0.267892644,68.46,7.098375639,3.057221974,60,0.6096,8,afternoon,1
11,11.71,2.825893854,0.160984095,17.86,6.256709274,3.13130767,61,0.6099,11,night,0
9,12.83,2.886619115,0.152982107,11.64,6.406549899,3.132380284,57,0.59783,12,afternoon,0
8,15.7,2.909996691,0.257902584,40.98,7.145984468,3.164152699,54,0.6541,6,night,1
5,11.33,2.722329932,0.016565606,17.09,6.126869184,3.108588441,61,0.51111,9,morning,0
7,12.3,2.739529405,0.042420477,13.24,6.299500565,3.09559482,61,0.53983,12,night,0
8,20.13,3.173655597,0.486630219,99.04,7.456454555,3.076122489,59,0.6628,5,night,1
8,21.16,3.052446003,0.429025845,93.99,7.869019376,3.159421155,57,0.7009,3,night,0
6,20.18,4.28694144,0.7972167,116.4,7.392031568,3.248185392,42,0.7508,7,night,1
7,15.66,3.950438639,0.684393638,138.5,7.111512116,3.197275591,47,0.7462,8,afternoon,1
6,17.19,2.988710231,0.324403579,45.42,7.26961675,3.217460749,57,0.6984,8,afternoon,1
5,15.1,2.868915775,0.165705765,29.91,6.937314081,3.155065301,58,0.653,6,afternoon,1
6,9.904,3.125598679,0.184691849,27.48,5.966659428,3.123462843,56,0.5991,10,night,0
3,10.26,2.842100963,0.121172962,7.326,5.878855603,3.181369974,58,0.58333,1,afternoon,0
8,16.46,3.308118518,0.440656064,31.59,6.888776312,3.164517212,50,0.7035,7,night,1
7,11.29,2.810012298,0.136928429,13.17,6.125776885,3.143864514,60,0.5875,8,afternoon,0
10,18.03,3.050063318,0.31083499,35.77,7.163946684,3.109999309,57,0.6535,9,morning,1
10,13.85,2.755256254,0.113966203,29.63,6.618872486,3.059615273,61,0.5589,1,afternoon,0
6,10.49,2.802194927,0.059691849,23.13,5.998440161,3.094545767,60,0.53203,2,morning,0
3,11.93,2.79100719,0.089264414,18.95,6.37927472,3.149636255,59,0.56876,5,morning,0
8,15.78,3.018206124,0.32833002,54.16,7.169350017,3.15760485,45,0.681,4,night,0
8,10.65,2.784519256,0.08026839,16.64,6.121834698,3.1954185,60,0.56136,3,afternoon,0
2,17.75,3.270908628,0.412176938,43.95,7.270312886,3.159421155,53,0.697,8,night,1
8,21.61,3.760130273,0.776341948,80.99,7.640603826,3.196532514,45,0.7422,8,night,1
6,15.73,3.084786845,0.308697813,13.87,6.75028242,3.211080683,56,0.6452,12,morning,0
7,10.95,3.034493074,0.281759443,16.97,6.242223265,3.354619705,57,0.6424,7,morning,1
2,20.18,3.447867494,0.625745527,,7.299121463,3.258162988,56,0.7173,8,afternoon,1
9,9.876,2.766865478,0.097017893,12.33,5.803929423,3.164517212,60,0.55588,11,afternoon,0
5,17.2,3.268584402,0.394831014,69.47,7.427144133,3.227642273,35,0.6899,5,night,0
4,11.06,2.833369648,0.212127237,12.3,6.018836494,3.257008838,58,0.59514,2,afternoon,0
7,12.22,2.959985826,0.107654076,12.58,6.244749255,3.15978465,58,0.58088,5,night,0
2,6.981,2.718281828,0,9.833,5.221436322,3.227264114,60,0.5,3,afternoon,0
11,13.71,2.998722303,0.297465209,50.96,6.799055862,3.253934795,53,0.6556,6,morning,1
2,13.15,2.99632014,0.173111332,22.79,6.518114306,3.187640593,58,0.59722,3,morning,0
2,13.21,2.795770596,0.1027833,17.58,6.450312432,3.119199383,61,0.56005,12,night,0
2,10.57,2.773555104,0.055218688,13.12,5.90345267,3.012880534,61,0.52222,1,morning,0
6,8.196,2.762142805,0.029408549,8.205,5.489763831,3.122040474,60,0.52564,11,afternoon,0
6,13.59,2.833635249,0.106461233,26.76,6.494509984,3.021410096,59,0.56189,6,morning,0
2,12.49,2.730495293,0.031923459,12.69,6.299316826,3.054832219,62,0.52784,9,night,0
5,12.85,2.895550661,0.092793241,41.24,6.470489858,2.999908287,59,0.55601,10,morning,0
2,14.54,3.248185392,0.366003976,32.55,6.849278349,3.263173039,40,0.6712,5,night,1
8,12.81,2.743502491,0.06610338,21.79,6.346863678,3.074740458,62,0.5399,9,night,0
7,20.6,4.141490033,0.755467197,86.22,7.50714108,3.252399783,26,0.765,3,morning,1
10,16.17,2.911800597,0.268240557,14.91,6.758675056,3.100148472,57,0.6251,9,night,0
9,19.4,3.412353805,0.441650099,60.41,7.25629724,3.1821065,56,0.6564,7,morning,1
9,12.68,3.063040435,0.341600398,36.46,6.789309524,3.331220549,52,0.6716,11,morning,1
7,13.14,3.048363559,0.17445328,27.4,6.535386398,3.141345602,54,0.6181,9,morning,0
3,11.94,2.772961059,0.067047714,17.47,6.267579983,3.068535817,61,0.56296,1,afternoon,0
5,18.25,3.062697592,0.367793241,53.91,7.381501895,3.174388795,57,0.6932,7,morning,1
3,14.11,2.767118931,0.13583499,23.92,6.619939864,3.116363146,61,0.5589,5,night,0
10,11.04,2.818193857,0.103081511,11.68,6.102782283,3.051764875,59,0.56754,12,afternoon,0
4,13.2,2.841447996,0.054920477,13.56,6.400257445,3.053809122,60,0.5497,3,morning,0
6,12.25,2.765683309,0.062673956,18.04,6.434385992,3.107531081,59,0.56335,2,morning,0
4,14.26,2.787259413,0.068290258,20.56,6.70893842,3.001326054,58,0.5753,9,afternoon,0
3,13.3,2.812307727,0.120477137,20.98,6.431653091,3.067160224,59,0.55614,3,night,0
2,20.55,3.427492451,0.657057654,87.78,7.500529485,3.111764588,55,0.7148,5,night,1
10,11.68,2.839757584,0.155666004,27.57,6.309554576,3.205470695,60,0.59815,1,morning,0
7,14.34,2.883226323,0.228777336,48.29,6.772164625,3.122040474,60,0.6087,3,afternoon,0
5,16.65,3.205097343,0.455765408,102.6,7.703007682,3.312874102,54,0.7095,7,morning,1
7,11.76,2.764080538,0.055417495,28.47,6.247075289,3.048363559,61,0.53715,1,night,0
5,12.86,2.828244257,0.115059642,20.35,6.433100852,3.119199383,58,0.57926,11,morning,0
7,13.69,2.789575567,0.100944334,14,6.508172834,3.055173396,58,0.56987,3,night,0
9,17.57,3.015574374,0.39527833,61.1,7.112327445,3.107178777,56,0.6456,8,morning,1
4,14.22,3.384087492,0.328926441,31.72,6.636471352,3.208086421,21,0.6772,8,morning,1
9,10.8,2.820180778,0.069781312,20.2,6.193384462,3.124174484,59,0.57485,11,night,0
4,12.18,2.749154179,0.025104374,15.82,6.240470758,3.020074321,62,0.51852,12,morning,0
3,19.44,3.501089953,0.593439364,67.74,7.461640392,3.200995803,53,0.706,9,afternoon,1
6,22.27,4.626188662,0.906063618,170,7.766416898,3.272071883,38,0.791,6,afternoon,1
4,9.436,2.793989617,0.069880716,30.48,6.085865223,3.134885733,61,0.55052,12,night,0
2,14.92,2.877588871,0.160089463,23.31,6.809701339,3.041582461,56,0.6147,11,morning,0
11,13.46,2.753275009,0.055516899,14.91,6.522974762,3.05619736,60,0.55781,1,afternoon,0
2,21.37,3.36398201,0.623757455,39.06,7.33628566,3.085134378,56,0.6966,8,morning,1
3,11.16,2.742843664,0.053479125,18.99,6.126869184,3.116717411,61,0.54306,12,morning,0
1,13.21,2.801963954,0.16277336,17.85,6.445084697,3.043952586,60,0.57958,3,night,0
5,12.05,2.909965608,0.136630219,19.87,6.367500845,3.193563415,58,0.56548,12,morning,0
8,18.01,3.077505695,0.385785288,89.74,7.262628601,3.126311235,58,0.6489,5,morning,1
7,12.54,2.721531336,0.027082505,28.3,6.372807713,2.99632014,62,0.51635,3,morning,0
10,7.729,2.718281828,0,19.14,5.513428746,3.107531081,61,0.5,3,night,0
3,12.83,3.269746134,0.341003976,25.13,6.559615237,3.301797204,46,0.6977,8,morning,1
2,11.41,2.897244785,0.117345924,22.77,6.146757432,3.06064206,59,0.56296,2,night,0
3,14.04,2.817843509,0.146322068,32.74,6.620073207,3.08617742,60,0.57453,11,morning,0
3,17.99,3.857401616,0.73111332,153.4,7.610357618,3.241692069,40,0.7654,11,night,1
6,20.26,3.182843345,0.431560636,87.87,7.467371067,3.084439386,54,0.6573,8,night,1
3,13.85,2.845697536,0.18444334,19.41,6.507277712,3.082703199,59,0.59993,6,afternoon,0
9,19,2.995596921,0.279671968,81.23,7.33823815,3.026764465,58,0.6218,9,night,1
10,16.78,2.967940264,0.326838966,67.34,7.138867,3.076813945,58,0.6474,8,night,1
11,20.47,3.204350882,0.504473161,100.4,7.405495663,3.052446003,57,0.6613,8,afternoon,1
1,14.53,2.98074651,0.145377734,23.04,6.722027929,3.049723222,57,0.59594,10,night,0
5,10.66,2.718281828,0,21.98,6.012002198,3.045308517,61,0.5,12,night,0
3,21.56,3.583058275,0.690357853,158.7,7.614312146,3.162695429,58,0.7216,7,afternoon,1
3,14.03,2.758611283,0.094234592,22.07,6.572981599,3.118489869,60,0.57963,4,morning,0
4,14.86,2.812365887,0.142992048,23.92,6.656083644,3.094196232,60,0.57971,1,afternoon,0
1,12.88,2.897676323,0.116451292,16.83,6.389737185,3.097344732,59,0.56493,4,morning,0
1,15.13,2.851871035,0.136133201,45.38,6.836688831,3.069912579,61,0.56575,7,morning,1
11,21.71,3.076813945,0.420725646,224.1,8.052933037,3.145666054,59,0.682,9,afternoon,1
7,13.61,2.974508496,0.223111332,43.14,6.80959103,3.110705195,59,0.6184,8,morning,1
2,19.21,3.13130767,0.447017893,102.5,7.670894831,3.242454742,54,0.7091,8,afternoon,1
1,9.504,2.80106929,0.103180915,15.7,5.752255128,3.131665131,61,0.56227,12,afternoon,0
4,12.45,3.224996887,0.402037773,27.19,6.608810014,3.307327139,47,0.6741,9,morning,1
9,17.42,3.264717456,0.327882704,58.53,6.928537818,3.102956997,59,0.6099,7,night,1
8,13.48,3.040905926,0.270328032,18.52,6.607190581,3.237122988,51,0.7258,7,afternoon,1
2,11.63,2.927724698,0.100248509,23.13,6.268717424,3.161239414,58,0.56835,5,morning,0
10,17.3,3.111058251,0.415159046,33.63,7.10824414,3.164881804,57,0.6857,2,afternoon,0
5,9.738,2.718281828,0,12.26,5.837438859,3.099797743,61,0.5,3,afternoon,0
11,25.22,4.04064162,0.916998012,120,7.848543482,3.223109785,43,0.7867,8,night,1
6,15.22,3.634463913,0.468638171,22.65,6.818924065,3.165246474,32,0.7356,8,afternoon,1
3,11.26,2.732125449,0.028151093,9.332,6.077412859,3.05619736,61,0.52832,5,night,0
5,12.31,2.813122183,0.112922465,19.68,6.415260612,3.079582709,59,0.5866,12,night,0
7,12.88,2.856031234,0.263568588,34.37,6.514268148,3.179530048,56,0.6096,12,night,0
8,22.01,3.587177977,0.746023857,130.2,7.708410667,3.120974495,52,0.7432,7,night,1
9,7.76,2.718281828,0,19.15,5.593223284,2.986584771,62,0.5,12,morning,0
6,9.405,2.775083807,0.062475149,25.17,5.884435974,3.205470695,60,0.5377,12,morning,0
3,13.11,2.977104625,0.253578529,15.09,6.460373828,3.140626607,50,0.6126,1,afternoon,0
11,11.57,2.875947386,0.070974155,20.3,6.254789888,3.105066536,59,0.56664,4,afternoon,0
4,11.76,2.793272113,0.174701789,49.11,6.316442404,3.066129294,61,0.5716,8,night,1
5,12.27,2.718281828,0,35.13,6.325970566,3.000567555,62,0.5,2,afternoon,0
9,10.86,2.718281828,0,20.67,6.02175124,3.020074321,61,0.5,10,night,0
8,9.777,2.84138865,0.088369781,22.87,5.905361848,3.183580507,59,0.55334,4,afternoon,0
5,12.21,2.917662647,0.125944334,19.96,6.272688309,3.02844141,57,0.5914,11,morning,0
6,13.05,3.006546528,0.278479125,21.57,6.38215437,3.138471472,57,0.6258,4,morning,0
2,8.219,3.130592976,0.107753479,10.21,5.520660598,3.244744757,51,0.57879,4,night,0
3,13.9,2.780106267,0.066550696,14.03,6.577722266,2.999315183,58,0.56222,12,night,0
8,18.31,3.221601577,0.46973161,67.36,7.308542798,3.192821942,57,0.651,8,morning,1
5,13.51,2.97305008,0.267445328,19.29,6.515008943,3.169263032,57,0.6453,4,night,0
3,19.07,3.436803887,0.495079523,104.9,7.409136444,3.104363056,35,0.7493,7,afternoon,1
10,12.95,2.896443686,0.16749503,17.67,6.372295374,3.189489276,58,0.6056,8,night,1
11,11.94,2.909406226,0.188419483,21.91,6.302802109,3.058931111,56,0.6155,1,night,0
3,19.02,3.183949207,0.411083499,57.65,7.392031568,3.105066536,55,0.6956,6,afternoon,1
2,14.58,3.168166663,0.436530815,21.05,6.798944373,3.205097343,40,0.7701,9,night,1
3,9.787,2.736972468,0.03944831,20.05,5.90290652,3.12880758,61,0.52381,1,morning,0
8,9.742,2.748598251,0.069930417,16.39,5.872681011,3.183580507,61,0.55159,3,morning,0
9,11.3,3.213704922,0.141848907,16.39,6.15888395,3.139907921,49,0.6218,6,night,0
9,15.3,3.26510377,0.434940358,43.5,7.145984468,3.248950894,43,0.7024,5,morning,0
7,12.36,2.792067526,0.095477137,9.227,6.299133053,3.082356183,59,0.58442,12,morning,0
2,9.876,2.896412883,0.15054672,11.77,5.889431822,3.21783678,58,0.59749,2,night,0
4,11.7,2.762002495,0.057057654,11.28,6.180223672,3.095944654,61,0.55741,3,afternoon,0
5,14.64,3.018606267,0.351093439,42.76,6.689101633,3.114946845,55,0.6397,4,morning,0
10,20.51,3.215957441,0.414512922,70.01,7.534762657,3.095944654,56,0.6563,7,morning,1
1,12,2.835968739,0.092594433,16.16,6.341945347,3.150720665,58,0.57632,2,afternoon,0
2,20.16,3.072324725,0.383996024,74.85,7.412764017,3.037865053,60,0.6425,7,morning,1
2,11.9,2.822990532,0.149254473,25.03,6.233626104,3.167801365,57,0.56042,11,night,0
7,14.99,2.785061156,0.144085487,106,6.549364578,2.999414019,62,0.52899,7,afternoon,1
9,13.46,2.837447578,0.15666004,16.07,6.578973396,3.242454742,55,0.6427,4,morning,0
4,19.16,3.359498444,0.480318091,69.65,7.452402451,3.30377023,53,0.6872,7,morning,1
9,10.82,2.761020716,0.04055666,33,6.225745843,3.089310542,59,0.53264,1,morning,0
6,12.46,2.737920765,0.057107356,24.6,6.280395839,3.001128149,61,0.5268,11,afternoon,0
3,24.63,3.524925282,0.73111332,139.9,7.879291485,3.138112552,51,0.7475,8,afternoon,1
4,13.5,2.725799574,0.021963221,20.39,6.549221466,2.987467303,62,0.5221,3,night,0
3,13.59,2.773668284,0.061530815,22.22,6.60543323,3.036515407,61,0.55185,9,night,0
5,21.75,3.474511341,0.540755467,156.8,7.776535028,3.11317817,49,0.6841,7,night,1
7,12.63,3.041582461,0.299254473,20.48,6.267959274,3.118489869,58,0.6105,12,afternoon,0
8,12.62,2.874520169,0.101192843,18.51,6.436150368,3.097344732,54,0.618,2,night,0
8,12.47,2.954534868,0.189910537,30.29,6.518999784,3.168532041,57,0.6015,8,afternoon,1
5,14.44,2.970040362,0.274950298,21.2,6.642356415,3.12880758,56,0.6599,5,night,0
6,9.268,3.010755311,0.261033797,20.04,5.704448919,3.351779744,54,0.6025,11,afternoon,0
2,14.99,2.918287613,0.192644135,28.51,6.76515431,3.04564768,54,0.6308,11,morning,0
5,10.2,2.884753648,0.053230616,22.79,6.000672028,3.004033252,60,0.53571,5,afternoon,0
3,12.72,2.756932755,0.091202783,23.24,6.374684046,3.0425978,61,0.53612,5,night,0
6,13.49,2.853814977,0.168190855,20.2,6.549364578,3.074740458,59,0.6282,1,night,0
3,14.68,2.935133584,0.26138171,45.4,7.037027615,3.182474883,59,0.6609,8,night,0
10,13.43,2.887323096,0.170874751,43.4,6.901334711,3.159421155,60,0.616,6,morning,1
6,19.81,3.18801017,0.472067594,112.4,7.782390336,3.200251117,55,0.7388,7,morning,1
6,10.51,2.906364353,0.152485089,19.91,5.925324745,3.123107136,58,0.56136,5,morning,0
4,12.76,2.793358195,0.088518887,17.26,6.362510728,3.122395952,59,0.58312,2,night,0
11,20.92,3.949353453,0.732604374,118.8,7.506042179,3.1616033,51,0.7542,2,night,1
1,13.96,3.012714398,0.260735586,35.74,6.716594774,3.200251117,55,0.6374,9,night,1
10,13.27,2.818427469,0.122067594,24.68,6.563573399,3.114592959,60,0.59678,9,morning,1
8,19.68,3.336037219,0.548210736,67.66,7.339537695,3.094196232,54,0.7255,8,morning,1
6,9.755,2.760824443,0.051838966,11.28,5.857647399,3.056880363,61,0.54866,4,afternoon,0
1,12,2.833133598,0.09666998,13.86,6.260919001,3.090704968,59,0.57116,6,morning,0
7,19.27,3.255086933,0.377385686,68.17,7.502738211,3.199134691,40,0.6785,9,morning,1
7,15.78,3.447867494,0.47112326,58.63,7.148345744,3.33282469,48,0.7034,5,afternoon,0
2,10.17,2.748070326,0.064115308,34.62,5.909712045,3.114239148,61,0.52579,2,morning,0
6,14.97,2.790892607,0.187922465,24.28,6.676705556,3.093497385,59,0.58485,1,morning,0
4,11.67,2.837417986,0.107206759,15.34,6.311008593,3.214455436,56,0.5812,1,afternoon,0
7,12.25,2.828126646,0.115854871,16.51,6.335408799,3.093846771,59,0.58211,10,afternoon,0
9,12.42,2.747209408,0.055069583,9.006,6.297845697,3.032136919,61,0.54052,1,morning,0
10,12.94,2.810912596,0.118787276,11.36,6.364578625,3.078197739,59,0.58388,10,morning,0
2,11.89,2.911333862,0.156163022,21.46,6.275138598,3.160875606,55,0.6138,11,afternoon,0
3,17.35,2.799195209,0.141003976,44.41,7.104965448,3.101903238,60,0.58235,7,morning,1
8,19.59,3.614859713,0.63916501,97.07,7.710653324,3.172922714,53,0.7247,10,afternoon,1
4,20.58,3.248568101,0.475198807,111.7,7.412160335,3.080275636,56,0.692,12,afternoon,1
10,13.71,2.872912407,0.188021869,26.45,6.553790944,3.168166663,57,0.6284,2,afternoon,0
5,11.74,2.914136446,0.131163022,13.04,6.160785292,3.044291461,56,0.6056,4,night,0
11,12.77,2.80557719,0.142345924,53.65,6.362165663,2.999446965,61,0.54773,1,morning,0
10,8.734,2.718281828,0,28.85,5.758901774,3.18100183,60,0.5,2,night,0
10,16.26,3.310494743,0.39666998,57.72,6.882642578,3.168532041,58,0.6047,5,night,1
1,11.6,2.773017624,0.065258449,18.21,6.166467723,3.004628139,60,0.54815,3,night,0
10,23.27,3.131665131,0.482206759,97.85,7.784473236,3.097694938,54,0.7346,8,morning,1
6,14.62,2.805287793,0.146968191,33.76,6.689226065,3.058589139,59,0.56946,9,night,0
4,12.98,2.926058745,0.146620278,20.65,6.452522029,3.118844588,55,0.59858,4,afternoon,0
7,13,2.806271981,0.131461233,34.78,6.424382682,3.122040474,61,0.56296,12,morning,0
6,16.03,3.089310542,0.349950298,33.27,6.975413927,3.171823981,50,0.6981,6,morning,1
9,18.05,3.265490169,0.536779324,134.8,7.383989458,3.187640593,45,0.7102,7,afternoon,1
9,15.04,2.945471509,0.30526839,34.84,6.753321226,3.065442371,58,0.6018,12,afternoon,0
6,12.18,2.784633323,0.087972167,14.68,6.305910257,3.061326947,61,0.57431,5,night,0
6,10.8,2.788860299,0.084393638,11.48,6.025865974,3.172190146,60,0.54603,9,night,0
3,13.05,2.720164182,0.020710736,32.96,6.436310612,3.026764465,62,0.51111,4,morning,0
5,16.5,2.887445562,0.240308151,33.58,6.91671502,3.136677642,59,0.59123,1,morning,0
9,16.27,3.187640593,0.421868787,44.41,7.021976423,3.229534298,56,0.6583,7,afternoon,1
2,11.52,2.841210627,0.145576541,18.62,6.19807213,3.155065301,59,0.59608,1,night,0
8,14.61,2.758191461,0.093290258,28.9,6.73435382,3.02341587,61,0.55813,11,night,0
5,11.28,2.850347598,0.238369781,26.33,6.073044534,3.147108679,59,0.58611,8,night,0
5,11.49,2.870579721,0.097862823,14.34,6.14761323,3.141705215,58,0.57431,10,night,0
5,13.2,2.722259048,0.016207753,15.5,6.456612657,3.063040435,60,0.525,12,afternoon,0
6,11.93,2.811842532,0.099801193,24.79,6.368187186,3.195789757,57,0.57247,6,night,0
5,9.333,2.831393923,0.063717694,17.86,5.68968355,3.054491115,61,0.52564,10,morning,0
6,18.45,3.071635175,0.340308151,68.35,7.371489295,3.182843345,58,0.6379,6,afternoon,1
3,14.59,3.029448426,0.185685885,19.54,6.597827598,3.02844141,55,0.6105,12,morning,0
3,12.34,2.776841042,0.102087475,30.15,6.278709024,3.035841012,61,0.54793,9,afternoon,0
9,10.16,2.732010121,0.055467197,16.8,5.85018896,3.110705195,60,0.52232,9,afternoon,0
8,13.53,2.918850304,0.32584493,32.65,6.406054563,3.177692105,60,0.57407,12,afternoon,0
7,23.09,3.262401337,0.498508946,180.2,7.930925372,3.087569178,53,0.7264,7,afternoon,1
9,10.49,2.782182918,0.088469185,10.08,5.927992124,3.163788264,61,0.56528,2,night,0
2,17.14,3.489280652,0.696322068,111.4,7.286876412,3.21257976,52,0.755,8,morning,1
10,14.47,3.022746997,0.19333996,23.11,6.6956753,3.137394943,51,0.6205,8,night,1
3,11.22,2.731850876,0.031978131,15.46,6.154645757,3.019540326,61,0.53002,3,afternoon,0
8,11.06,2.873276275,0.166053678,10.8,6.086774727,3.165611223,58,0.6075,1,night,0
3,19.8,3.11317817,0.43195825,124.4,7.605392365,3.142064905,55,0.682,9,night,1
4,12.78,2.821321578,0.142345924,18.33,6.318787917,3.121685072,61,0.55882,10,afternoon,0
1,11.04,2.803668258,0.123260437,13.54,6.155706991,3.147830456,60,0.57431,7,afternoon,1
3,15.46,3.183211886,0.40193837,48.31,7.052721049,3.212954733,57,0.6514,8,afternoon,1
3,10.18,2.767203425,0.095178926,15.05,5.928524747,3.161239414,60,0.55575,3,night,0
4,13.34,3.077159784,0.347266402,12.96,6.421459653,3.209208661,49,0.6708,2,morning,0
2,10.57,3.511647587,0.29527833,7.228,5.863347044,3.06819181,53,0.6465,10,morning,0
11,13.05,2.730731189,0.04388171,33.01,6.510853402,3.025089286,62,0.53532,12,morning,0
9,11.81,2.783778046,0.077186879,14.47,6.193384462,3.143144439,61,0.54306,1,night,0
4,18.94,3.046665596,0.395178926,96.05,7.531552381,3.085481984,57,0.6789,8,night,1
4,11.89,2.889498363,0.367992048,48.84,6.157826084,3.144224667,61,0.58946,5,afternoon,0
6,13.64,2.769712418,0.085636183,14.55,6.487227293,3.049723222,59,0.58586,3,night,0
3,20.29,3.383674989,0.518389662,94.44,7.362010551,3.149636255,58,0.6625,9,morning,1
2,11.27,2.951177733,0.27584493,16.04,6.165627916,3.237122988,57,0.6318,9,afternoon,0
11,12.43,2.755256254,0.08444334,31.16,6.245912948,2.967520587,62,0.52832,4,morning,0
5,14.71,3.120619321,0.403727634,40.09,6.893149127,3.147469529,51,0.6834,8,morning,1
4,12.99,2.823811079,0.104274354,14.41,6.356107661,3.067847875,59,0.5585,9,morning,0
1,12.18,2.787688044,0.146172962,24.44,6.204961721,3.067160224,61,0.55882,11,afternoon,0
3,16.13,3.280236071,0.510934394,54.18,7.181591945,3.306536107,51,0.7073,7,afternoon,1
7,17.46,3.165246474,0.437922465,49,7.249925537,3.146387212,53,0.7066,9,morning,1
8,12.67,2.80792347,0.10472167,17.61,6.353326018,3.153253675,60,0.55602,3,morning,0
10,8.726,2.835407176,0.095626243,8.966,5.650381698,3.28101557,57,0.605,11,afternoon,0
3,14.86,3.270521045,0.441252485,25.2,6.665301479,3.12880758,50,0.6727,8,night,1
1,12.32,2.831128733,0.18389662,17.43,6.308280574,3.153615844,60,0.59391,9,afternoon,0
5,20.2,3.248950894,0.628727634,103.6,7.421177529,3.115300807,54,0.7152,10,night,1
8,13.16,2.768105016,0.062425447,26.07,6.474353552,3.059615273,59,0.54195,5,night,0
9,11.6,2.837299626,0.166500994,15.75,6.239300711,3.170360109,59,0.58449,11,afternoon,0
7,27.22,3.79072564,0.933399602,128.7,8.07589363,3.185424805,52,0.7688,5,night,1
11,11.37,2.785089683,0.108001988,17.49,6.129703591,3.059615273,61,0.56203,9,afternoon,0
11,19.79,3.632120187,0.571073559,63.33,7.370860167,3.114239148,53,0.6732,11,afternoon,1
4,14.87,2.917194092,0.246073559,21.84,6.663898686,3.093497385,60,0.6017,2,night,0
11,12.9,2.858100775,0.153479125,16.64,6.467388119,3.127380639,57,0.6012,1,morning,0
4,11.41,2.817201428,0.130367793,10.5,6.235390638,3.213704922,57,0.58958,5,morning,0
3,11.22,2.731957953,0.037688867,19.62,6.077871575,3.167801365,61,0.52022,6,night,0
7,16.84,2.865804708,0.137723658,46.61,6.939253946,2.979347277,59,0.58436,10,morning,0
3,14.25,3.129878588,0.278230616,24.91,6.684111603,3.175856142,51,0.6447,12,morning,1
6,12.86,2.825629673,0.168986083,16.57,6.396095974,3.213329787,58,0.6155,12,night,0
11,10.44,2.736459998,0.060437376,11.86,5.979897911,3.137753709,61,0.54464,10,night,0
8,14.6,2.966907416,0.261978131,33.01,6.630947203,3.127380639,59,0.6359,9,morning,1
8,11.32,2.763406239,0.015531809,8.605,6.114345676,2.993363626,60,0.52083,3,night,0
9,9.295,2.811958817,0.120328032,19.63,5.788736181,3.330819734,58,0.57262,12,night,0
5,1990.2,2.981560596,0.287176938,24.19,6.614055134,3.12773726,59,0.6221,12,afternoon,0
4,14.58,2.961496267,0.216153082,37.11,6.759255271,3.095944654,59,0.59186,9,night,0
4,10.91,2.75229938,0.06804175,11.09,5.971771914,2.996945006,61,0.53194,7,night,1
4,12.46,3.508562373,0.424602386,23.94,6.56723486,3.332022443,10,0.721,8,afternoon,1
7,10.25,2.914136446,0.197067594,22.68,5.967171855,3.15978465,57,0.59744,1,afternoon,0
7,11.52,2.80337925,0.113220676,23.47,6.226931848,3.105066536,61,0.56316,5,afternoon,0
7,19.53,3.068879898,,109.9,7.814803429,3.161967265,52,0.6625,8,afternoon,1
2,9.676,3.08374469,0.349801193,17.67,5.79331844,3.394429887,53,0.6075,2,morning,0
10,14.29,2.738133119,0.031063618,10.77,6.528834726,2.972629015,62,0.53333,12,afternoon,0
5,12.72,2.753749133,0.095626243,13.38,6.316623024,3.122395952,60,0.56343,5,night,0
7,16.07,3.012050029,0.329920477,79.25,7.109062136,3.195789757,58,0.652,8,afternoon,1
3,14.4,2.816151369,0.086332008,20.52,6.599326133,3.02542418,60,0.55563,2,night,0
9,19.53,3.475377005,0.527833002,133,7.627057417,3.193934271,52,0.698,10,night,1
4,19.1,3.366023606,0.730119284,67.1,7.168579897,3.156153211,56,0.6841,8,afternoon,1
4,9.042,3.381613847,0.243936382,24.2,5.694068782,3.095245062,53,0.6145,6,night,0
1,15.27,2.888364376,0.156908549,20,6.838083606,3.09559482,58,0.6035,5,afternoon,0
10,18.82,3.231049399,0.434592445,103.9,7.379632153,3.15542786,54,0.6708,8,afternoon,1
1,18.63,3.528926169,0.618290258,105,7.420578905,3.192451326,51,0.6848,5,night,1
2,15.75,3.812555872,0.617296223,51.22,6.81925188,3.214455436,48,0.7135,6,morning,1
7,17.99,3.088265501,0.438568588,49.81,7.207118856,3.18911938,53,0.6974,9,night,1
6,11.46,2.812307727,0.074652087,22.93,6.193997145,3.068535817,59,0.55509,3,night,0
9,20.59,3.47148458,0.557157058,75.09,7.473069088,3.182474883,54,0.7113,8,night,1
3,13.75,,0.116500994,39.93,6.559615237,2.998788168,60,0.56106,10,night,0
5,17.91,3.957504923,0.595427435,41.51,7.173191742,3.340060857,44,0.6964,7,morning,1
11,10.9,2.726707341,0.032743539,18.54,6.152732695,3.07785168,61,0.53953,10,afternoon,0
6,13.81,3.217460749,0.456063618,52.72,7.05012252,3.487972931,47,0.7013,7,morning,1
2,15.85,3.017672758,0.266600398,36.58,6.775936704,3.0640694,59,0.6119,8,morning,1
2,13.73,3.445734878,0.398856859,19.21,6.547789211,3.252783411,33,0.7208,4,night,0
10,15.05,2.938012281,0.215457256,38.49,6.874198495,3.104011429,58,0.612,10,afternoon,1
7,11.8,2.798100736,0.081411531,25.06,6.33150185,3.103308399,59,0.55356,10,morning,0
5,11.34,2.865291864,0.094383698,16.41,6.250168274,3.271296295,58,0.58278,3,afternoon,0
10,13.7,2.847752463,0.157057654,20.64,6.531606225,3.087569178,60,0.59077,9,night,0
6,9.72,2.718281828,0,21.69,5.71636959,2.926372935,62,0.5,2,afternoon,0
9,13.17,2.96268638,0.261033797,14.49,6.607595685,3.196904012,52,0.6607,6,night,1
8,9.847,2.783122686,0.120079523,15.24,5.930918047,3.16597605,58,0.56528,12,night,0
